"Scene","num_islands","area","ratio","coverage","areas"
"Stage_v3_sc1_staging.stage_config.json","2","63.58089065551758","0.9813756794684367","0.9817162285376037","1.1625001430511475","62.418392181396484"
"Stage_v3_sc0_staging.stage_config.json","2","63.85100173950195","0.9814965476446188","0.9818327071492996","1.159999966621399","62.691001892089844"
"Stage_v3_sc2_staging.stage_config.json","2","63.52076721191406","0.9813985616975952","0.9817382582369921","1.159999966621399","62.36076736450195"
"Stage_v3_sc3_staging.stage_config.json","2","63.5283088684082","0.9814008110075441","0.9817404261489957","1.159999966621399","62.368309020996094"
"frl_apartment_stage.stage_config.json","1","66.57475280761719","1.0","1.0","66.57475280761719"
